dataset,method,k,mfe,r2,n_points
clean,latent ODE,0,1.1690803536841872,0.8771638119881338,4047
clean,"popPK, no covariates",0,1.304360617403478,0.8076856220388222,4047
clean,popPK with covariates,0,1.1712685131885026,0.8799078092237432,4047
clean,true model (ceiling),0,1.172036487877059,0.879730101916101,4047
clean,latent ODE,1,1.184011787582528,0.841475343612167,3927
clean,"popPK, no covariates",1,1.1674061851001154,0.8167918360445656,3927
clean,popPK with covariates,1,1.125738913891314,0.889034461549183,3927
clean,true model (ceiling),1,1.1276987546785853,0.889134378044769,3927
clean,latent ODE,2,1.176620502645296,0.8409782800182338,3807
clean,"popPK, no covariates",2,1.123423116617691,0.8980224730729447,3807
clean,popPK with covariates,2,1.0249018787966293,0.9906012575318442,3807
clean,true model (ceiling),2,1.0211418059964665,0.9946143343345698,3807
clean,latent ODE,3,1.168804751584945,0.8723804951709866,3687
clean,"popPK, no covariates",3,1.07044267155277,0.9243655740400167,3687
clean,popPK with covariates,3,1.0227415181306683,0.9981177013000517,3687
clean,true model (ceiling),3,1.0020582781374288,0.9998566859476871,3687
clean,latent ODE,4,1.1419920243548929,0.9200710269906596,3567
clean,"popPK, no covariates",4,1.0612658659600822,0.9418166853984313,3567
clean,popPK with covariates,4,1.0104889153390424,0.9995557258190326,3567
clean,true model (ceiling),4,1.0004102286099261,0.999994018358534,3567
clean,latent ODE,6,1.0859980722288178,0.9826509320323351,3327
clean,"popPK, no covariates",6,1.0263604214543975,0.989846978682906,3327
clean,popPK with covariates,6,1.0038733076431052,0.9999630993348411,3327
clean,true model (ceiling),6,1.0001065668599662,0.9999998980568654,3327
clean,latent ODE,8,1.0933508285094993,0.9866784653292562,3087
clean,"popPK, no covariates",8,1.0275540531923861,0.9885244895336947,3087
clean,popPK with covariates,8,1.0037024921924356,0.9999571780962635,3087
clean,true model (ceiling),8,1.000082020135818,0.9999999008925661,3087
clean,latent ODE,12,1.0737263517046247,0.9899703028230963,2607
clean,"popPK, no covariates",12,1.0278559716027031,0.9921562367570835,2607
clean,popPK with covariates,12,1.0041937927573878,0.9999723128515452,2607
clean,true model (ceiling),12,1.0000569734429763,0.9999999810108376,2607
clean,latent ODE,16,1.0814679537240703,0.9879522231489992,2127
clean,"popPK, no covariates",16,1.033901569273823,0.9895745285704853,2127
clean,popPK with covariates,16,1.0043091615998319,0.9999613878242055,2127
clean,true model (ceiling),16,1.000051361457565,0.9999999835167788,2127
clean,latent ODE,20,1.1061218874016472,0.9861775922023631,1662
clean,"popPK, no covariates",20,1.0287769759909937,0.997681197297442,1662
clean,popPK with covariates,20,1.00273629897365,0.9999883593076366,1662
clean,true model (ceiling),20,1.0000246531019932,0.9999999978364895,1662
clean,latent ODE,24,1.0648781535406062,0.9908820434024014,1182
clean,"popPK, no covariates",24,1.0269470272377965,0.9979808594393993,1182
clean,popPK with covariates,24,1.0025075604288012,0.9999909731882756,1182
clean,true model (ceiling),24,1.0000173001912611,0.9999999988209985,1182
doses,latent ODE,0,1.193162777025707,0.8817568260772898,4028
doses,"popPK, no covariates",0,1.3110616754126478,0.8347175148642488,4028
doses,popPK with covariates,0,1.188339875219559,0.8825492890954603,4028
doses,true model (ceiling),0,1.188556405089665,0.8810329518556681,4028
doses,latent ODE,1,1.2079210884872764,0.863026732729393,3908
doses,"popPK, no covariates",1,1.2313470277731362,0.8399393289246537,3908
doses,popPK with covariates,1,1.1616167559203412,0.8866619780249891,3908
doses,true model (ceiling),1,1.1576881141949071,0.8864463901219948,3908
doses,latent ODE,2,1.2072382305783722,0.853527693137856,3788
doses,"popPK, no covariates",2,1.2176180763151239,0.8431186286927566,3788
doses,popPK with covariates,2,1.158489994086508,0.8850351123728966,3788
doses,true model (ceiling),2,1.1623371069531483,0.8848531373436357,3788
doses,latent ODE,3,1.2031207221631843,0.876467626873307,3668
doses,"popPK, no covariates",3,1.1754027467013712,0.8701165941934905,3668
doses,popPK with covariates,3,1.1524202916251207,0.9001614845095197,3668
doses,true model (ceiling),3,1.1406358786363104,0.8899819239528177,3668
doses,latent ODE,4,1.1883482106443837,0.9083495184201751,3548
doses,"popPK, no covariates",4,1.1463660224564634,0.891909604410143,3548
doses,popPK with covariates,4,1.1343793531877093,0.9156498965624772,3548
doses,true model (ceiling),4,1.133631193225589,0.9065118466184063,3548
doses,latent ODE,6,1.1543132364713897,0.9373711731851345,3308
doses,"popPK, no covariates",6,1.1249382690159544,0.9313362448140865,3308
doses,popPK with covariates,6,1.1183468678072728,0.9390779149632488,3308
doses,true model (ceiling),6,1.1193046732958134,0.9365084513981885,3308
doses,latent ODE,8,1.1636402714387855,0.9266772445357694,3068
doses,"popPK, no covariates",8,1.1285149432226915,0.926696477142903,3068
doses,popPK with covariates,8,1.1201557842188523,0.9349685940512785,3068
doses,true model (ceiling),8,1.1202892892235665,0.9320550613606238,3068
doses,latent ODE,12,1.1472277236494324,0.951353846608779,2588
doses,"popPK, no covariates",12,1.1046639109343845,0.9515803685239195,2588
doses,popPK with covariates,12,1.091535092912161,0.9573511898302871,2588
doses,true model (ceiling),12,1.0929613678953927,0.9564654118150571,2588
doses,latent ODE,16,1.164279770201587,0.9496293726929745,2108
doses,"popPK, no covariates",16,1.1185540270583025,0.9462455354109831,2108
doses,popPK with covariates,16,1.1059108878467778,0.9538928926672877,2108
doses,true model (ceiling),16,1.1069680202153793,0.9530190195439268,2108
doses,latent ODE,20,1.1446833486182046,0.9523541048898432,1628
doses,"popPK, no covariates",20,1.1034546002264742,0.9577345886578938,1628
doses,popPK with covariates,20,1.094778263935584,0.9592957306539336,1628
doses,true model (ceiling),20,1.096965608943144,0.9589620494324921,1628
doses,latent ODE,24,1.1670214066479414,0.9489772739585332,1148
doses,"popPK, no covariates",24,1.1221574248071158,0.950883794560129,1148
doses,popPK with covariates,24,1.1163464594125836,0.9519678998516522,1148
doses,true model (ceiling),24,1.1167363573436984,0.951516406660085,1148
ada,latent ODE,0,1.2228060647923449,0.8544346177110191,3961
ada,"popPK, no covariates",0,1.3411681132025097,0.7854754048970936,3961
ada,popPK with covariates,0,1.2189001527193364,0.8436219834087206,3961
ada,"popPK, time-varying CL",0,1.2189001527193364,0.8436219834087206,3961
ada,true model (ceiling),0,1.1969237068407093,0.8909298927851252,3961
ada,latent ODE,1,1.22170721104904,0.8288906952862133,3841
ada,"popPK, no covariates",1,1.2847674338118853,0.7830091671079484,3841
ada,popPK with covariates,1,1.204105685283184,0.8418159949093387,3841
ada,"popPK, time-varying CL",1,1.2042308923366707,0.8413407568513563,3841
ada,true model (ceiling),1,1.1715906941278127,0.8930153960471955,3841
ada,latent ODE,2,1.2312777601663123,0.8190370771996563,3721
ada,"popPK, no covariates",2,1.2621868629720914,0.7851744375384955,3721
ada,popPK with covariates,2,1.2034727907265639,0.8404776942254827,3721
ada,"popPK, time-varying CL",2,1.2020925903140969,0.83972541316091,3721
ada,true model (ceiling),2,1.1724614338450714,0.8930741619840116,3721
ada,latent ODE,3,1.2250062549663274,0.8277381905934537,3601
ada,"popPK, no covariates",3,1.242759243907777,0.8161245116171407,3601
ada,popPK with covariates,3,1.1981853352841776,0.8548960897227118,3601
ada,"popPK, time-varying CL",3,1.1937460229810117,0.8544130840247683,3601
ada,true model (ceiling),3,1.1750064976996852,0.9061155977230781,3601
ada,latent ODE,4,1.2071296615776224,0.869393297335682,3481
ada,"popPK, no covariates",4,1.1699063383848909,0.8777454620864811,3481
ada,popPK with covariates,4,1.1631442993760441,0.8908972068947855,3481
ada,"popPK, time-varying CL",4,1.1564968184233735,0.8865847921181538,3481
ada,true model (ceiling),4,1.1412083790452137,0.9271221720329414,3481
ada,latent ODE,6,1.1837908332151161,0.9163509495543314,3241
ada,"popPK, no covariates",6,1.1481247137756765,0.9001143431411898,3241
ada,popPK with covariates,6,1.136189508810165,0.9041055631162633,3241
ada,"popPK, time-varying CL",6,1.136701388363322,0.8985997072423433,3241
ada,true model (ceiling),6,1.118149532697364,0.9501149723564255,3241
ada,latent ODE,8,1.1807907452241835,0.9088213436842352,3001
ada,"popPK, no covariates",8,1.1480973744323926,0.8923548864450163,3001
ada,popPK with covariates,8,1.135306197867065,0.8966824580701089,3001
ada,"popPK, time-varying CL",8,1.1361310065729036,0.8864760384042285,3001
ada,true model (ceiling),8,1.1193547263003125,0.9465341086094217,3001
ada,latent ODE,12,1.194669947828606,0.9219928692148927,2521
ada,"popPK, no covariates",12,1.1291687194957287,0.9001197458035256,2521
ada,popPK with covariates,12,1.1286326585306417,0.9011610325201461,2521
ada,"popPK, time-varying CL",12,1.1244532723996712,0.8904320602640438,2521
ada,true model (ceiling),12,1.099781693661616,0.9610317932489614,2521
ada,latent ODE,16,1.2131273712989932,0.9079737127842513,2041
ada,"popPK, no covariates",16,1.1617595854957088,0.8853060228196157,2041
ada,popPK with covariates,16,1.1624836488509642,0.8870043167925924,2041
ada,"popPK, time-varying CL",16,1.1585854754099683,0.8883689408868637,2041
ada,true model (ceiling),16,1.1159128455862597,0.9586669837465005,2041
ada,latent ODE,20,1.1805157032088955,0.9212508899638312,1558
ada,"popPK, no covariates",20,1.1485330532882447,0.9023669896356664,1558
ada,popPK with covariates,20,1.1286789820510945,0.9036822439805439,1558
ada,"popPK, time-varying CL",20,1.1132383451528904,0.9119480587549476,1558
ada,true model (ceiling),20,1.0947880342582617,0.9690433205707157,1558
ada,latent ODE,24,1.1884720129803732,0.9265705807729147,1078
ada,"popPK, no covariates",24,1.1646597299346635,0.8975738879293648,1078
ada,popPK with covariates,24,1.1458816396978098,0.8985370316924999,1078
ada,"popPK, time-varying CL",24,1.1269388551825132,0.9414635154883939,1078
ada,true model (ceiling),24,1.1067695753822346,0.9648595162111528,1078
